Onboarding Step,Status*,Step Reason,Who Gets Notified,addit or spillover
Candidate Found,Never Contacted,,Technician Recruiter (site),
Candidate Found,Contacted,Career Fair/Conference Lead,Technician Recruiter (site),
Candidate Found,Contacted,Interested - Not Scheduled,Technician Recruiter (site),
Interview,Phone Screen Scheduled,1st Reschedule,Technician Recruiter (site),
Interview,Phone Screen Scheduled,2nd Reschedule,Technician Recruiter (site),
Interview,Phone Screen Scheduled,3rd Reschedule,Technician Recruiter (site),
Interview,Phone Screen Scheduled,4th Reschedule,Technician Recruiter (site),
Interview,Phone Screen Scheduled,5th Reschedule,Technician Recruiter (site),
Interview,Phone Screen Scheduled,Pending Reschedule,Technician Recruiter (site),
Interview,Interview Scheduled,1st Reschedule,Technician Recruiter (site),
Interview,Interview Scheduled,2nd Reschedule,Technician Recruiter (site),
Interview,Interview Scheduled,3rd Reschedule,Technician Recruiter (site),
Interview,Interview Scheduled,4th Reschedule,Technician Recruiter (site),
Interview,Interview Scheduled,5th Reschedule,Technician Recruiter (site),
Interview,Interview Scheduled,Pending Reschedule,Technician Recruiter (site),
Interview,2nd Interview Scheduled,1st Reschedule,Technician Recruiter (site),
Interview,2nd Interview Scheduled,2nd Reschedule,Technician Recruiter (site),
Interview,2nd Interview Scheduled,3rd Reschedule,Technician Recruiter (site),
Interview,2nd Interview Scheduled,4th Reschedule,Technician Recruiter (site),
Interview,2nd Interview Scheduled,5th Reschedule,Technician Recruiter (site),
Interview,2nd Interview Scheduled,Pending Reschedule,Technician Recruiter (site),
Interview,Interview Disrupted,1st Reschedule,Technician Recruiter (site),
Interview,Interview Disrupted,2nd Reschedule,Technician Recruiter (site),
Interview,Interview Disrupted,3rd Reschedule,Technician Recruiter (site),
Interview,Interview Disrupted,4th Reschedule,Technician Recruiter (site),
Interview,Interview Disrupted,5th Reschedule,Technician Recruiter (site),
Interview,Interview Disrupted,Pending Reschedule,Technician Recruiter (site),
Offer Letter,Pending Offer Letter,,Technician Recruiter (site),
Offer Letter,Offer Letter Sent,Pending LBA,Technician Recruiter (site),
Onboarding,Onboarding Disruption,BCBA General Capacity,Onboarding Specialist (site),
Onboarding,Onboarding Disruption,BCBA In-Person Required,Onboarding Specialist (site),
Onboarding,Onboarding Disruption,Pending Clinic Opening,Onboarding Specialist (site),
Onboarding,Onboarding Disruption,Background Check Issue,Onboarding Specialist (site),
Onboarding,Onboarding Disruption,E-Verify Issue,Onboarding Specialist (site),
Onboarding,Onboarding Disruption,Waiting on Background,Onboarding Specialist (site),
Onboarding,Onboarding Disruption,Waiting on Certification,Onboarding Specialist (site),
Onboarding,Onboarding Disruption,Waiting on Documentation,Onboarding Specialist (site),
Onboarding,Onboarding Disruption,BCBA Credentialing,Onboarding Specialist (site),
Onboarding,Onboarding Disruption,BCBA Evening Capacity,Onboarding Specialist (site),
Onboarding,Onboarding Disruption,Spanish-Speaking BCBA Req’d,Onboarding Specialist (site),
Onboarding,Onboarding Disruption,Clinic Capacity,Onboarding Specialist (site),
Onboarding,Onboarding Disruption,Family Requested Pause,Onboarding Specialist (site),
Onboarding,Onboarding Disruption,Clinical Hold,Onboarding Specialist (site),
Onboarding,Onboarding Disruption,In Funder Hold,Onboarding Specialist (site),
Onboarding,Onboarding Disruption,Pending Technician,Onboarding Specialist (site),
Onboarding,Pending Onboarding Invitations,Background Check Issue,Onboarding Specialist (site),
Onboarding,Pending Onboarding Invitations,E-Verify Issue,Onboarding Specialist (site),
Onboarding,Pending Onboarding Invitations,Waiting on Background,Onboarding Specialist (site),
Onboarding,Pending Onboarding Invitations,Waiting on Certification,Onboarding Specialist (site),
Onboarding,Pending Onboarding Invitations,Waiting on Documentation,Onboarding Specialist (site),
Onboarding,Onboarding Invitations Sent,Background Check Issue,Onboarding Specialist (site),
Onboarding,Onboarding Invitations Sent,E-Verify Issue,Onboarding Specialist (site),
Onboarding,Onboarding Invitations Sent,Waiting on Background,Onboarding Specialist (site),
Onboarding,Onboarding Invitations Sent,Waiting on Certification,Onboarding Specialist (site),
Onboarding,Onboarding Invitations Sent,Waiting on Documentation,Onboarding Specialist (site),
Onboarding,Documentation Review,Background Check Issue,Onboarding Specialist (site),
Onboarding,Documentation Review,E-Verify Issue,Onboarding Specialist (site),
Onboarding,Documentation Review,Pending LBA,Onboarding Specialist (site),
Onboarding,Documentation Review,Waiting on Background,Onboarding Specialist (site),
Onboarding,Documentation Review,Waiting on Certification,Onboarding Specialist (site),
Onboarding,Documentation Review,Waiting on Documentation,Onboarding Specialist (site),
Onboarding,Credentialing,Background Check Issue,Onboarding Specialist (site),
Onboarding,Credentialing,E-Verify Issue,Onboarding Specialist (site),
Onboarding,Credentialing,Waiting on Background,Onboarding Specialist (site),
Onboarding,Credentialing,Waiting on Certification,Onboarding Specialist (site),
Onboarding,Credentialing,Waiting on Documentation,Onboarding Specialist (site),
Training,In Training,,Operations Training Coordinator (region,Scheduler (region)
Training,In Training,Employee Delay,Operations Training Coordinator (region,
Training,In Training,No Show/Unresponsive,Operations Training Coordinator (region,
Training,Training Disruption,Employee Delay,Operations Training Coordinator (region,
Training,Training Disruption,No Show/Unresponsive,Operations Training Coordinator (region,
Training,Ready For Scheduling,,Operations Training Coordinator (region,Scheduler (region)
Training,Ready for Field Training,,Operations Training Coordinator (region,Scheduler (region)
Training,In Field Training,,Operations Training Coordinator (region,Scheduler (region)
Training,Pending Group Assignment,,Operations Training Coordinator (region,
Training,Assigned to Group,,Operations Training Coordinator (region,
Ready for Client,Pending Client Assignment,Fully Utilized,Scheduler (region),
Ready for Client,Pending Client Assignment,Urgent Restaffing Needed,Scheduler (region),
Ready for Client,Pending Client Assignment,Partially Utilized,Scheduler (region),
Ready for Client,Pending First Session,Fully Utilized,Scheduler (region),
Ready for Client,Pending First Session,Urgent Restaffing Needed,Scheduler (region),
Ready for Client,Pending First Session,Partially Utilized,Scheduler (region),
Active,Currently Treating Patient(s),Fully Utilized,OM (site),
Active,Currently Treating Patient(s),Not Fully utilized,OM (site),
Active,Currently Treating Patient(s),Urgent Restaffing Needed,OM (site),
Active,Not Currently Treating Patient(s),Fully Utilized,OM (site),Scheduler (region)
Active,Not Currently Treating Patient(s),Leave of Absence,OM (site),Scheduler (region)
Active,Not Currently Treating Patient(s),Not Fully utilized,OM (site),Scheduler (region)
Active,Not Currently Treating Patient(s),Urgent Restaffing Needed,OM (site),Scheduler (region)
Offboarding Requested,Assessment In-Progress,,OM (site),
Offboarding Requested,Employee: Regrettable Separation,Benefits,OM (site),
Offboarding Requested,Employee: Regrettable Separation,Career Change,OM (site),
Offboarding Requested,Employee: Regrettable Separation,Leaving Workforce Temporarily,OM (site),
Offboarding Requested,Employee: Regrettable Separation,Retiring (permanently),OM (site),
Offboarding Requested,Employee: Regrettable Separation,Salary,OM (site),
Offboarding Requested,Employee: Regrettable Separation,Available Hours/Scheduling,OM (site),
Offboarding Requested,Employee: Regrettable Separation,Company Grievance,OM (site),
Offboarding Requested,Employee: Regrettable Separation,Job Expectations,OM (site),
Offboarding Requested,Employee: Regrettable Separation,Location,OM (site),
Offboarding Requested,Employee: Non-Regrettable Separation,Benefits,OM (site),
Offboarding Requested,Employee: Non-Regrettable Separation,Career Change,OM (site),
Offboarding Requested,Employee: Non-Regrettable Separation,Leaving Workforce Temporarily,OM (site),
Offboarding Requested,Employee: Non-Regrettable Separation,Retiring (permanently),OM (site),
Offboarding Requested,Employee: Non-Regrettable Separation,Salary,OM (site),
Offboarding Requested,Employee: Non-Regrettable Separation,Available Hours/Scheduling,OM (site),
Offboarding Requested,Employee: Non-Regrettable Separation,Company Grievance,OM (site),
Offboarding Requested,Employee: Non-Regrettable Separation,Job Expectations,OM (site),
Offboarding Requested,Employee: Non-Regrettable Separation,Location,OM (site),
Offboarding Requested,Employee: Involuntary Separation,Attendance,OM (site),
Offboarding Requested,Employee: Involuntary Separation,Expired License/Certification,OM (site),
Offboarding Requested,Employee: Involuntary Separation,Misconduct,OM (site),
Offboarding Requested,Employee: Involuntary Separation,Unable to Contact,OM (site),
Inactive,Employee: Fired/Terminated,Attitude/Character,Technician Recruiter (site),
Inactive,Employee: Fired/Terminated,Failed Background Check/E-Verify,Technician Recruiter (site),
Inactive,Employee: Fired/Terminated,Attendance,Technician Recruiter (site),
Inactive,Employee: Fired/Terminated,Available Hours/Scheduling/Location,Technician Recruiter (site),
Inactive,Employee: Fired/Terminated,Expired License/Certification,Technician Recruiter (site),
Inactive,Employee: Fired/Terminated,Misconduct,Technician Recruiter (site),
Inactive,Employee: Fired/Terminated,Poor Performance,Technician Recruiter (site),
Inactive,Employee: Fired/Terminated,Relocated Out of Area,Technician Recruiter (site),
Inactive,Employee: Fired/Terminated,Unable to Contact/Job Abandonment,Technician Recruiter (site),
Inactive,Employee: Quit/Resigned,Available Hours/Scheduling/Location,Technician Recruiter (site),
Inactive,Employee: Quit/Resigned,Relocated Out of Area,Technician Recruiter (site),
Inactive,Employee: Quit/Resigned,Benefits,Technician Recruiter (site),
Inactive,Employee: Quit/Resigned,Career Change,Technician Recruiter (site),
Inactive,Employee: Quit/Resigned,Dissatisfied with Company Processes/Colleagues/Communication,Technician Recruiter (site),
Inactive,Employee: Quit/Resigned,Health Reasons (self or other's),Technician Recruiter (site),
Inactive,Employee: Quit/Resigned,Lack of Career Development/Advancement,Technician Recruiter (site),
Inactive,Employee: Quit/Resigned,Lack of Training,Technician Recruiter (site),
Inactive,Employee: Quit/Resigned,Lack of Transportation,Technician Recruiter (site),
Inactive,Employee: Quit/Resigned,Leaving Workforce Temporarily,Technician Recruiter (site),
Inactive,Employee: Quit/Resigned,Retiring (permanently),Technician Recruiter (site),
Inactive,Employee: Quit/Resigned,Salary,Technician Recruiter (site),
Inactive,Employee: Quit/Resigned,Unresponsive After Signing Offer,Technician Recruiter (site),
Inactive,Employee: Quit/Resigned,Unwilling to provide std hours (pm) or primary site availability,Technician Recruiter (site),
Inactive,Candidate: Withdrew/Unresponsive,No Show/Unresponsive,Technician Recruiter (site),
Inactive,Candidate: Withdrew/Unresponsive,No Longer Interested,Technician Recruiter (site),
Inactive,Candidate: Withdrew/Unresponsive,Rejected Offer Letter (Benefits),Technician Recruiter (site),
Inactive,Candidate: Withdrew/Unresponsive,Rejected Offer Letter (Role),Technician Recruiter (site),
Inactive,Candidate: Withdrew/Unresponsive,Rejected Offer Letter (Salary),Technician Recruiter (site),
Inactive,Candidate: Withdrew/Unresponsive,Other Candidates More Suitable,Technician Recruiter (site),
Inactive,Candidate: Withdrew/Unresponsive,Paused Hiring,Technician Recruiter (site),
Inactive,Candidate: Withdrew/Unresponsive,Rejected Offer Letter (Timing),Technician Recruiter (site),
Inactive,Candidate: Withdrew/Unresponsive,Rejected Offer Letter (Unknown),Technician Recruiter (site),
Inactive,Candidate: Rejected/Disqualified,Attitude/Character,Technician Recruiter (site),
Inactive,Candidate: Rejected/Disqualified,Failed Background Check/E-Verify,Technician Recruiter (site),
Inactive,Candidate: Rejected/Disqualified,Inadequate/No Experience,Technician Recruiter (site),
Inactive,Candidate: Rejected/Disqualified,Location,Technician Recruiter (site),
Inactive,Candidate: Rejected/Disqualified,Availability,Technician Recruiter (site),
Inactive,Candidate: Rejected/Disqualified,Expired/No License,Technician Recruiter (site),